번호,종
22,아델리
238,젠투
176,젠투
299,턱끈
277,턱끈
288,턱끈
290,턱끈
83,아델리
15,아델리
43,아델리
219,젠투
253,젠투
98,아델리
301,턱끈
242,젠투
341,턱끈
126,아델리
147,아델리
37,아델리
202,젠투
291,턱끈
266,젠투
269,젠투
151,아델리
9,아델리
307,턱끈
142,아델리
278,턱끈
314,턱끈
53,아델리
274,젠투
99,아델리
199,젠투
304,턱끈
145,아델리
131,아델리
108,아델리
170,젠투
247,젠투
214,젠투
92,아델리
225,젠투
133,아델리
222,젠투
241,젠투
317,턱끈
268,젠투
210,젠투
21,아델리
65,아델리
26,아델리
227,젠투
1,아델리
206,젠투
71,아델리
33,아델리
17,아델리
271,젠투
217,젠투
212,젠투
255,젠투
77,아델리
38,아델리
300,턱끈
143,아델리
14,아델리
16,아델리
136,아델리
159,젠투
228,젠투
23,아델리
235,젠투
205,젠투
183,젠투
86,아델리
134,아델리
127,아델리
260,젠투
309,턱끈
75,아델리
178,젠투
40,아델리
337,턱끈
135,아델리
286,턱끈
211,젠투
118,아델리
42,아델리
72,아델리
97,아델리
84,아델리
61,아델리
70,아델리
174,젠투
28,아델리
109,아델리
121,아델리
164,젠투
89,아델리
311,턱끈
185,젠투
18,아델리
319,턱끈
216,젠투
193,젠투
106,아델리
20,아델리
273,젠투
303,턱끈
94,아델리
332,턱끈
213,젠투
196,젠투
150,아델리
239,젠투
276,젠투
112,아델리
237,젠투
323,턱끈
129,아델리
310,턱끈
191,젠투
62,아델리
30,아델리
329,턱끈
328,턱끈
128,아델리
115,아델리
73,아델리
285,턱끈
204,젠투
339,턱끈
12,아델리
321,턱끈
46,아델리
327,턱끈
181,젠투
163,젠투
200,젠투
275,젠투
78,아델리
192,젠투
119,아델리
64,아델리
116,아델리
281,턱끈
27,아델리
315,턱끈
148,아델리
101,아델리
167,젠투
188,젠투
343,턱끈
261,젠투
157,젠투
248,젠투
316,턱끈
331,턱끈
19,아델리
8,아델리
340,턱끈
144,아델리
67,아델리
197,젠투
283,턱끈
243,젠투
79,아델리
229,젠투
259,젠투
74,아델리
114,아델리
338,턱끈
68,아델리
306,턱끈
320,턱끈
201,젠투
107,아델리
342,턱끈
91,아델리
251,젠투
154,젠투
52,아델리
218,젠투
182,젠투
104,아델리
44,아델리
308,턱끈
293,턱끈
257,젠투
189,젠투
230,젠투
302,턱끈
95,아델리
10,아델리
165,젠투
49,아델리
85,아델리
81,아델리
173,젠투
82,아델리
224,젠투
155,젠투
48,아델리
41,아델리
270,젠투
330,턱끈
256,젠투
249,젠투
96,아델리
76,아델리
318,턱끈
60,아델리
32,아델리
263,젠투
66,아델리
333,턱끈
3,아델리
7,아델리
297,턱끈
175,젠투
138,아델리
50,아델리
233,젠투
282,턱끈
51,아델리
172,젠투
153,젠투
35,아델리
186,젠투
262,젠투
252,젠투
124,아델리
180,젠투
296,턱끈
5,아델리
141,아델리
88,아델리
267,젠투
149,아델리
198,젠투
184,젠투
334,턱끈
24,아델리
250,젠투
207,젠투
298,턱끈
58,아델리
11,아델리
125,아델리
284,턱끈
179,젠투
287,턱끈
313,턱끈
25,아델리
80,아델리
187,젠투
195,젠투
34,아델리
240,젠투
45,아델리
254,젠투
103,아델리
69,아델리
246,젠투
152,아델리
161,젠투
39,아델리
171,젠투
54,아델리
292,턱끈
221,젠투
168,젠투
100,아델리
312,턱끈
322,턱끈
325,턱끈
63,아델리
105,아델리
90,아델리
158,젠투
137,아델리
326,턱끈
194,젠투
110,아델리
264,젠투
279,턱끈
258,젠투
162,젠투
57,아델리
295,턱끈
335,턱끈
36,아델리
344,턱끈
130,아델리
111,아델리
245,젠투
139,아델리
140,아델리
59,아델리
215,젠투
132,아델리
169,젠투
209,젠투
117,아델리
87,아델리
47,아델리
102,아델리
231,젠투
208,젠투
203,젠투
29,아델리
232,젠투
120,아델리
166,젠투
122,아델리
113,아델리
6,아델리
289,턱끈
93,아델리
294,턱끈
324,턱끈
190,젠투
2,아델리
55,아델리
305,턱끈
146,아델리
336,턱끈
31,아델리
160,젠투
265,젠투
220,젠투
236,젠투
156,젠투
56,아델리
123,아델리
226,젠투
177,젠투
234,젠투
223,젠투
244,젠투
280,턱끈
