번호,종,섬,부리길이,부리깊이,날개길이,몸무게,성별,연도
1,아델리,토르거센,39.1,18.7,181,3750,수컷,2007
2,아델리,토르거센,39.5,17.4,186,3800,암컷,2007
3,아델리,토르거센,40.3,18,195,3250,암컷,2007
4,아델리,토르거센,,,,,,2007
5,아델리,토르거센,36.7,19.3,193,3450,암컷,2007
6,아델리,토르거센,39.3,20.6,190,3650,수컷,2007
7,아델리,토르거센,,17.8,181,3625,암컷,2007
8,아델리,토르거센,39.2,19.6,195,4675,수컷,2007
9,아델리,토르거센,34.1,18.1,193,3475,,2007
10,아델리,토르거센,42,20.2,190,4250,,2007
11,아델리,토르거센,37.8,17.1,186,3300,,2007
12,아델리,토르거센,37.8,17.3,180,3700,,2007
13,아델리,토르거센,41.1,17.6,182,8200,암컷,2007
14,아델리,토르거센,38.6,21.2,191,3800,수컷,2007
15,아델리,토르거센,34.6,21.1,198,4400,수컷,2007
16,아델리,토르거센,36.6,17.8,185,3700,암컷,2007
17,아델리,토르거센,38.7,19,195,3450,암컷,2007
18,아델리,토르거센,42.5,20.7,197,4500,수컷,2007
19,아델리,토르거센,34.4,18.4,184,3325,암컷,2007
20,아델리,토르거센,46,21.5,194,4200,수컷,2007
21,아델리,비스코,37.8,18.3,174,3400,암컷,2007
22,아델리,비스코,37.7,18.7,180,3600,수컷,2007
23,아델리,비스코,35.9,19.2,189,3800,암컷,2007
24,아델리,비스코,38.2,18.1,185,3950,수컷,2007
25,아델리,비스코,38.8,17.2,180,3800,수컷,2007
26,아델리,비스코,35.3,18.9,187,3800,암컷,2007
27,아델리,비스코,40.6,18.6,183,3550,수컷,2007
28,아델리,비스코,40.5,17.9,187,3200,암컷,2007
29,아델리,비스코,37.9,18.6,172,3150,암컷,2007
30,아델리,비스코,40.5,18.9,180,3950,수컷,2007
31,아델리,드림,39.5,16.7,178,3250,암컷,2007
32,아델리,드림,37.2,18.1,178,3900,수컷,2007
33,아델리,드림,39.5,17.8,188,3300,암컷,2007
34,아델리,드림,40.9,18.9,184,3900,수컷,2007
35,아델리,드림,36.4,17,195,3325,암컷,2007
36,아델리,드림,39.2,21.1,196,4150,수컷,2007
37,아델리,드림,38.8,20,190,3950,수컷,2007
38,아델리,드림,42.2,18.5,180,3550,암컷,2007
39,아델리,드림,37.6,19.3,181,3300,암컷,2007
40,아델리,드림,39.8,19.1,184,4650,수컷,2007
41,아델리,드림,36.5,18,182,3150,암컷,2007
42,아델리,드림,40.8,18.4,195,3900,수컷,2007
43,아델리,드림,36,18.5,186,3100,암컷,2007
44,아델리,드림,44.1,19.7,196,4400,수컷,2007
45,아델리,드림,37,16.9,185,3000,암컷,2007
46,아델리,드림,39.6,18.8,190,4600,수컷,2007
47,아델리,드림,41.1,19,182,3425,수컷,2007
48,아델리,드림,37.5,18.9,179,2975,,2007
49,아델리,드림,36,17.9,190,3450,암컷,2007
50,아델리,드림,42.3,21.2,191,4150,수컷,2007
50,아델리,드림,42.3,21.2,191,4150,수컷,2007
51,아델리,비스코,39.6,17.7,186,3500,암컷,2008
52,아델리,비스코,40.1,18.9,188,4300,수컷,2008
53,아델리,비스코,35,17.9,190,3450,암컷,2008
54,아델리,비스코,42,19.5,200,4050,수컷,2008
55,아델리,비스코,34.5,18.1,187,2900,암컷,2008
56,아델리,비스코,41.4,18.6,191,3700,수컷,2008
57,아델리,비스코,39,17.5,186,3550,암컷,2008
58,아델리,비스코,40.6,18.8,193,3800,수컷,2008
59,아델리,비스코,36.5,16.6,181,2850,암컷,2008
60,아델리,비스코,37.6,19.1,194,3750,수컷,2008
61,아델리,비스코,35.7,16.9,185,3150,암컷,2008
62,아델리,비스코,41.3,21.1,195,4400,수컷,2008
63,아델리,비스코,37.6,17,185,3600,암컷,2008
64,아델리,비스코,41.1,18.2,192,4050,수컷,2008
65,아델리,비스코,36.4,17.1,184,2850,암컷,2008
66,아델리,비스코,41.6,18,192,3950,수컷,2008
67,아델리,비스코,35.5,16.2,195,3350,암컷,2008
68,아델리,비스코,41.1,19.1,188,4100,수컷,2008
69,아델리,토르거센,35.9,16.6,190,3050,암컷,2008
70,아델리,토르거센,41.8,19.4,198,4450,수컷,2008
71,아델리,토르거센,33.5,19,190,3600,암컷,2008
72,아델리,토르거센,39.7,18.4,190,3900,수컷,2008
73,아델리,토르거센,39.6,17.2,196,3550,암컷,2008
74,아델리,토르거센,45.8,18.9,197,4150,수컷,2008
75,아델리,토르거센,35.5,17.5,190,3700,암컷,2008
76,아델리,토르거센,42.8,18.5,195,4250,수컷,2008
77,아델리,토르거센,40.9,16.8,191,3700,암컷,2008
78,아델리,토르거센,37.2,19.4,184,3900,수컷,2008
79,아델리,토르거센,36.2,16.1,187,3550,암컷,2008
80,아델리,토르거센,42.1,19.1,195,4000,수컷,2008
81,아델리,토르거센,34.6,17.2,189,3200,암컷,2008
82,아델리,토르거센,42.9,17.6,196,4700,수컷,2008
83,아델리,토르거센,36.7,18.8,187,3800,암컷,2008
84,아델리,토르거센,35.1,19.4,193,4200,수컷,2008
85,아델리,드림,37.3,17.8,191,3350,암컷,2008
86,아델리,드림,41.3,20.3,194,3550,수컷,2008
87,아델리,드림,36.3,19.5,190,3800,수컷,2008
88,아델리,드림,36.9,18.6,189,3500,암컷,2008
89,아델리,드림,38.3,19.2,189,3950,수컷,2008
90,아델리,드림,38.9,18.8,190,3600,암컷,2008
91,아델리,드림,35.7,18,202,3550,암컷,2008
92,아델리,드림,41.1,18.1,205,4300,수컷,2008
93,아델리,드림,34,17.1,185,3400,암컷,2008
94,아델리,드림,39.6,18.1,186,4450,수컷,2008
95,아델리,드림,36.2,17.3,187,3300,암컷,2008
96,아델리,드림,40.8,18.9,208,4300,수컷,2008
97,아델리,드림,38.1,18.6,190,3700,암컷,2008
98,아델리,드림,40.3,18.5,196,4350,수컷,2008
99,아델리,드림,33.1,16.1,178,2900,암컷,2008
100,아델리,드림,43.2,18.5,192,4100,수컷,2008
101,아델리,비스코,35,17.9,192,3725,암컷,2009
102,아델리,비스코,41,20,203,4725,수컷,2009
103,아델리,비스코,37.7,16,183,3075,암컷,2009
104,아델리,비스코,37.8,20,190,4250,수컷,2009
105,아델리,비스코,37.9,18.6,193,2925,암컷,2009
106,아델리,비스코,39.7,18.9,184,3550,수컷,2009
107,아델리,비스코,38.6,17.2,199,3750,암컷,2009
108,아델리,비스코,38.2,20,190,3900,수컷,2009
109,아델리,비스코,38.1,17,181,3175,암컷,2009
110,아델리,비스코,43.2,19,197,4775,수컷,2009
111,아델리,비스코,38.1,16.5,198,3825,암컷,2009
112,아델리,비스코,45.6,20.3,191,4600,수컷,2009
113,아델리,비스코,39.7,17.7,193,3200,암컷,2009
114,아델리,비스코,42.2,19.5,197,4275,수컷,2009
115,아델리,비스코,39.6,20.7,191,3900,암컷,2009
116,아델리,비스코,42.7,18.3,196,4075,수컷,2009
117,아델리,토르거센,38.6,17,188,2900,암컷,2009
118,아델리,토르거센,37.3,20.5,199,3775,수컷,2009
119,아델리,토르거센,35.7,17,189,3350,암컷,2009
120,아델리,토르거센,41.1,18.6,189,3325,수컷,2009
121,아델리,토르거센,36.2,17.2,187,3150,암컷,2009
122,아델리,토르거센,37.7,19.8,198,3500,수컷,2009
123,아델리,토르거센,40.2,17,176,3450,암컷,2009
124,아델리,토르거센,41.4,18.5,202,3875,수컷,2009
125,아델리,토르거센,35.2,15.9,186,3050,암컷,2009
126,아델리,토르거센,40.6,19,199,4000,수컷,2009
127,아델리,토르거센,38.8,17.6,191,3275,암컷,2009
128,아델리,토르거센,41.5,18.3,195,4300,수컷,2009
129,아델리,토르거센,39,17.1,191,3050,암컷,2009
130,아델리,토르거센,44.1,18,210,4000,수컷,2009
131,아델리,토르거센,38.5,17.9,190,3325,암컷,2009
132,아델리,토르거센,43.1,19.2,197,3500,수컷,2009
133,아델리,드림,36.8,18.5,193,3500,암컷,2009
134,아델리,드림,37.5,18.5,199,4475,수컷,2009
135,아델리,드림,38.1,17.6,187,3425,암컷,2009
136,아델리,드림,41.1,17.5,190,3900,수컷,2009
137,아델리,드림,35.6,17.5,191,3175,암컷,2009
138,아델리,드림,40.2,20.1,200,3975,수컷,2009
139,아델리,드림,37,16.5,185,3400,암컷,2009
140,아델리,드림,39.7,17.9,193,4250,수컷,2009
141,아델리,드림,40.2,17.1,193,3400,암컷,2009
142,아델리,드림,40.6,17.2,187,3475,수컷,2009
143,아델리,드림,32.1,15.5,188,3050,암컷,2009
144,아델리,드림,40.7,17,190,3725,수컷,2009
145,아델리,드림,37.3,16.8,192,3000,암컷,2009
146,아델리,드림,39,18.7,185,3650,수컷,2009
147,아델리,드림,39.2,18.6,190,4250,수컷,2009
148,아델리,드림,36.6,18.4,184,3475,암컷,2009
149,아델리,드림,36,17.8,195,3450,암컷,2009
150,아델리,드림,37.8,18.1,193,3750,수컷,2009
151,아델리,드림,36,17.1,187,3700,암컷,2009
152,아델리,드림,41.5,18.5,201,4000,수컷,2009
153,젠투,비스코,46.1,13.2,211,4500,암컷,2007
154,젠투,비스코,50,16.3,230,5700,수컷,2007
155,젠투,비스코,48.7,14.1,210,4450,암컷,2007
156,젠투,비스코,50,15.2,218,5700,수컷,2007
157,젠투,비스코,47.6,14.5,215,5400,수컷,2007
158,젠투,비스코,46.5,13.5,210,4550,암컷,2007
159,젠투,비스코,45.4,14.6,211,4800,암컷,2007
160,젠투,비스코,46.7,15.3,219,5200,수컷,2007
161,젠투,비스코,43.3,13.4,209,4400,암컷,2007
162,젠투,비스코,46.8,15.4,215,5150,수컷,2007
163,젠투,비스코,40.9,13.7,214,4650,암컷,2007
164,젠투,비스코,49,16.1,216,5550,수컷,2007
165,젠투,비스코,45.5,13.7,214,4650,암컷,2007
166,젠투,비스코,48.4,14.6,213,5850,수컷,2007
167,젠투,비스코,45.8,14.6,210,4200,암컷,2007
168,젠투,비스코,49.3,15.7,217,5850,수컷,2007
169,젠투,비스코,42,13.5,210,4150,암컷,2007
170,젠투,비스코,49.2,15.2,221,6300,수컷,2007
171,젠투,비스코,46.2,14.5,209,4800,암컷,2007
172,젠투,비스코,48.7,15.1,222,5350,수컷,2007
173,젠투,비스코,50.2,14.3,218,5700,수컷,2007
174,젠투,비스코,45.1,14.5,215,5000,암컷,2007
175,젠투,비스코,46.5,14.5,213,4400,암컷,2007
176,젠투,비스코,46.3,15.8,215,5050,수컷,2007
177,젠투,비스코,42.9,13.1,215,5000,암컷,2007
178,젠투,비스코,46.1,15.1,215,5100,수컷,2007
179,젠투,비스코,44.5,14.3,216,4100,,2007
180,젠투,비스코,47.8,15,215,5650,수컷,2007
181,젠투,비스코,48.2,14.3,210,4600,암컷,2007
182,젠투,비스코,50,15.3,220,5550,수컷,2007
183,젠투,비스코,47.3,15.3,222,5250,수컷,2007
184,젠투,비스코,42.8,14.2,209,4700,암컷,2007
185,젠투,비스코,45.1,14.5,207,5050,암컷,2007
186,젠투,비스코,59.6,17,230,6050,수컷,2007
187,젠투,비스코,49.1,14.8,220,5150,암컷,2008
188,젠투,비스코,48.4,16.3,220,5400,수컷,2008
189,젠투,비스코,42.6,13.7,213,4950,암컷,2008
190,젠투,비스코,44.4,17.3,219,5250,수컷,2008
191,젠투,비스코,44,13.6,208,4350,암컷,2008
192,젠투,비스코,48.7,15.7,208,5350,수컷,2008
193,젠투,비스코,42.7,13.7,208,3950,암컷,2008
194,젠투,비스코,49.6,16,225,5700,수컷,2008
195,젠투,비스코,45.3,13.7,210,4300,암컷,2008
196,젠투,비스코,49.6,15,216,4750,수컷,2008
197,젠투,비스코,50.5,15.9,222,5550,수컷,2008
198,젠투,비스코,43.6,13.9,217,4900,암컷,2008
199,젠투,비스코,45.5,13.9,210,4200,암컷,2008
200,젠투,비스코,50.5,15.9,225,5400,수컷,2008
201,젠투,비스코,44.9,13.3,213,5100,암컷,2008
202,젠투,비스코,45.2,15.8,215,5300,수컷,2008
203,젠투,비스코,46.6,14.2,210,4850,암컷,2008
204,젠투,비스코,48.5,14.1,220,5300,수컷,2008
205,젠투,비스코,45.1,14.4,210,4400,암컷,2008
206,젠투,비스코,50.1,15,225,5000,수컷,2008
207,젠투,비스코,46.5,14.4,217,4900,암컷,2008
208,젠투,비스코,45,15.4,220,5050,수컷,2008
209,젠투,비스코,43.8,13.9,208,4300,암컷,2008
210,젠투,비스코,45.5,15,220,5000,수컷,2008
211,젠투,비스코,43.2,14.5,208,4450,암컷,2008
212,젠투,비스코,50.4,15.3,224,5550,수컷,2008
213,젠투,비스코,45.3,13.8,208,4200,암컷,2008
214,젠투,비스코,46.2,14.9,221,5300,수컷,2008
215,젠투,비스코,45.7,13.9,214,4400,암컷,2008
216,젠투,비스코,54.3,15.7,231,5650,수컷,2008
217,젠투,비스코,45.8,14.2,219,4700,암컷,2008
218,젠투,비스코,49.8,16.8,230,5700,수컷,2008
219,젠투,비스코,46.2,14.4,214,4650,,2008
220,젠투,비스코,49.5,16.2,229,5800,수컷,2008
221,젠투,비스코,43.5,14.2,220,4700,암컷,2008
222,젠투,비스코,50.7,15,223,5550,수컷,2008
223,젠투,비스코,47.7,15,216,4750,암컷,2008
224,젠투,비스코,46.4,15.6,221,5000,수컷,2008
225,젠투,비스코,48.2,15.6,221,5100,수컷,2008
226,젠투,비스코,46.5,14.8,217,5200,암컷,2008
227,젠투,비스코,46.4,15,216,4700,암컷,2008
228,젠투,비스코,48.6,16,230,5800,수컷,2008
229,젠투,비스코,47.5,14.2,209,4600,암컷,2008
230,젠투,비스코,51.1,16.3,220,6000,수컷,2008
231,젠투,비스코,45.2,13.8,215,4750,암컷,2008
232,젠투,비스코,45.2,16.4,223,5950,수컷,2008
233,젠투,비스코,49.1,14.5,212,4625,암컷,2009
234,젠투,비스코,52.5,15.6,221,5450,수컷,2009
235,젠투,비스코,47.4,14.6,212,4725,암컷,2009
236,젠투,비스코,50,15.9,224,5350,수컷,2009
237,젠투,비스코,44.9,13.8,212,4750,암컷,2009
238,젠투,비스코,50.8,17.3,228,5600,수컷,2009
239,젠투,비스코,43.4,14.4,218,4600,암컷,2009
240,젠투,비스코,51.3,14.2,218,5300,수컷,2009
241,젠투,비스코,47.5,14,212,4875,암컷,2009
242,젠투,비스코,52.1,17,230,5550,수컷,2009
243,젠투,비스코,47.5,15,218,4950,암컷,2009
244,젠투,비스코,52.2,17.1,228,5400,수컷,2009
245,젠투,비스코,45.5,14.5,212,4750,암컷,2009
246,젠투,비스코,49.5,16.1,224,5650,수컷,2009
247,젠투,비스코,44.5,14.7,214,4850,암컷,2009
248,젠투,비스코,50.8,15.7,226,5200,수컷,2009
249,젠투,비스코,49.4,15.8,216,4925,수컷,2009
250,젠투,비스코,46.9,14.6,222,4875,암컷,2009
251,젠투,비스코,48.4,14.4,203,4625,암컷,2009
252,젠투,비스코,51.1,16.5,225,5250,수컷,2009
253,젠투,비스코,48.5,15,219,4850,암컷,2009
254,젠투,비스코,55.9,17,228,5600,수컷,2009
255,젠투,비스코,47.2,15.5,215,4975,암컷,2009
256,젠투,비스코,49.1,15,228,5500,수컷,2009
257,젠투,비스코,47.3,13.8,216,4725,,2009
258,젠투,비스코,46.8,16.1,215,5500,수컷,2009
259,젠투,비스코,41.7,14.7,210,4700,암컷,2009
260,젠투,비스코,53.4,15.8,219,5500,수컷,2009
261,젠투,비스코,43.3,14,208,4575,암컷,2009
262,젠투,비스코,48.1,15.1,209,5500,수컷,2009
263,젠투,비스코,50.5,15.2,216,5000,암컷,2009
264,젠투,비스코,49.8,15.9,229,5950,수컷,2009
265,젠투,비스코,43.5,15.2,213,4650,암컷,2009
266,젠투,비스코,51.5,16.3,230,5500,수컷,2009
267,젠투,비스코,46.2,14.1,217,4375,암컷,2009
268,젠투,비스코,55.1,16,230,5850,수컷,2009
269,젠투,비스코,44.5,15.7,217,4875,,2009
270,젠투,비스코,48.8,16.2,222,6000,수컷,2009
271,젠투,비스코,47.2,13.7,214,4925,암컷,2009
272,젠투,비스코,,,,,,2009
273,젠투,비스코,46.8,14.3,215,4850,암컷,2009
274,젠투,비스코,50.4,15.7,222,5750,수컷,2009
275,젠투,비스코,45.2,14.8,212,5200,암컷,2009
276,젠투,비스코,49.9,16.1,213,5400,수컷,2009
277,턱끈,드림,46.5,17.9,192,3500,암컷,2007
278,턱끈,드림,50,19.5,196,3900,수컷,2007
279,턱끈,드림,51.3,19.2,193,3650,수컷,2007
280,턱끈,드림,45.4,18.7,188,3525,암컷,2007
281,턱끈,드림,52.7,19.8,197,3725,수컷,2007
282,턱끈,드림,45.2,17.8,198,3950,암컷,2007
283,턱끈,드림,46.1,18.2,178,3250,암컷,2007
284,턱끈,드림,51.3,18.2,197,3750,수컷,2007
285,턱끈,드림,46,18.9,195,4150,암컷,2007
286,턱끈,드림,51.3,19.9,198,3700,수컷,2007
287,턱끈,드림,46.6,17.8,193,3800,암컷,2007
288,턱끈,드림,51.7,20.3,194,3775,수컷,2007
289,턱끈,드림,47,17.3,185,3700,암컷,2007
290,턱끈,드림,52,18.1,201,4050,수컷,2007
291,턱끈,드림,45.9,17.1,190,3575,암컷,2007
292,턱끈,드림,50.5,19.6,201,4050,수컷,2007
293,턱끈,드림,50.3,20,197,3300,수컷,2007
294,턱끈,드림,58,17.8,181,3700,암컷,2007
295,턱끈,드림,46.4,18.6,190,3450,암컷,2007
296,턱끈,드림,49.2,18.2,195,4400,수컷,2007
297,턱끈,드림,42.4,17.3,181,3600,암컷,2007
298,턱끈,드림,48.5,17.5,191,3400,수컷,2007
299,턱끈,드림,43.2,16.6,187,2900,암컷,2007
300,턱끈,드림,50.6,19.4,193,3800,수컷,2007
301,턱끈,드림,46.7,17.9,195,3300,암컷,2007
302,턱끈,드림,52,19,197,4150,수컷,2007
303,턱끈,드림,50.5,18.4,200,3400,암컷,2008
304,턱끈,드림,49.5,19,200,3800,수컷,2008
305,턱끈,드림,46.4,17.8,191,3700,암컷,2008
306,턱끈,드림,52.8,20,205,4550,수컷,2008
307,턱끈,드림,40.9,16.6,187,3200,암컷,2008
308,턱끈,드림,54.2,20.8,201,4300,수컷,2008
309,턱끈,드림,42.5,16.7,187,3350,암컷,2008
310,턱끈,드림,51,18.8,203,4100,수컷,2008
311,턱끈,드림,49.7,18.6,195,3600,수컷,2008
312,턱끈,드림,47.5,16.8,199,3900,암컷,2008
313,턱끈,드림,47.6,18.3,195,3850,암컷,2008
314,턱끈,드림,52,20.7,210,4800,수컷,2008
315,턱끈,드림,46.9,16.6,192,2700,암컷,2008
316,턱끈,드림,53.5,19.9,205,4500,수컷,2008
317,턱끈,드림,49,19.5,210,3950,수컷,2008
318,턱끈,드림,46.2,17.5,187,3650,암컷,2008
319,턱끈,드림,50.9,19.1,196,3550,수컷,2008
320,턱끈,드림,45.5,17,196,3500,암컷,2008
321,턱끈,드림,50.9,17.9,196,3675,암컷,2009
322,턱끈,드림,50.8,18.5,201,4450,수컷,2009
323,턱끈,드림,50.1,17.9,190,3400,암컷,2009
324,턱끈,드림,49,19.6,212,4300,수컷,2009
325,턱끈,드림,51.5,18.7,187,3250,수컷,2009
326,턱끈,드림,49.8,17.3,198,3675,암컷,2009
327,턱끈,드림,48.1,16.4,199,3325,암컷,2009
328,턱끈,드림,51.4,19,201,3950,수컷,2009
329,턱끈,드림,45.7,17.3,193,3600,암컷,2009
330,턱끈,드림,50.7,19.7,203,4050,수컷,2009
331,턱끈,드림,42.5,17.3,187,3350,암컷,2009
332,턱끈,드림,52.2,18.8,197,3450,수컷,2009
333,턱끈,드림,45.2,16.6,191,3250,암컷,2009
334,턱끈,드림,49.3,19.9,203,4050,수컷,2009
335,턱끈,드림,50.2,18.8,202,3800,수컷,2009
336,턱끈,드림,45.6,19.4,194,3525,암컷,2009
337,턱끈,드림,51.9,19.5,206,3950,수컷,2009
338,턱끈,드림,46.8,16.5,189,3650,암컷,2009
339,턱끈,드림,45.7,17,195,3650,암컷,2009
340,턱끈,드림,55.8,19.8,207,4000,수컷,2009
341,턱끈,드림,43.5,18.1,202,3400,암컷,2009
342,턱끈,드림,49.6,18.2,193,3775,수컷,2009
343,턱끈,드림,50.8,19,210,4100,수컷,2009
344,턱끈,드림,50.2,18.7,198,3775,암컷,2009
